,id,studentID,task_id,score,content
0,3,2014012759,11,5,TIMESTAMP=1512979297933	USER=2014012759	TASK=11	ACTION=SESSION_ANNOTATION	INFO:	score=5
1,4,2014012759,4,3,TIMESTAMP=1512979763326	USER=2014012759	TASK=4	ACTION=SESSION_ANNOTATION	INFO:	score=3
2,5,2014012759,1,5,TIMESTAMP=1512980097791	USER=2014012759	TASK=1	ACTION=SESSION_ANNOTATION	INFO:	score=5
3,6,2014012759,7,5,TIMESTAMP=1512980459173	USER=2014012759	TASK=10	ACTION=SESSION_ANNOTATION	INFO:	score=5
4,7,2014012759,10,2,TIMESTAMP=1512980773932	USER=2014012759	TASK=10	ACTION=SESSION_ANNOTATION	INFO:	score=2
5,8,2014012759,8,5,TIMESTAMP=1512981132863	USER=2014012759	TASK=8	ACTION=SESSION_ANNOTATION	INFO:	score=1
6,9,2014012759,3,5,TIMESTAMP=1512981291606	USER=2014012759	TASK=3	ACTION=SESSION_ANNOTATION	INFO:	score=5
7,10,2014012759,2,3,TIMESTAMP=1512981507508	USER=2014012759	TASK=2	ACTION=SESSION_ANNOTATION	INFO:	score=3
8,11,2014012759,12,2,TIMESTAMP=1512981943276	USER=2014012759	TASK=12	ACTION=SESSION_ANNOTATION	INFO:	score=2
13,23,2016310023,7,4,TIMESTAMP=1513045639995	USER=2016310023	TASK=7	ACTION=SESSION_ANNOTATION	INFO:	score=4
14,24,2017213705,10,3,TIMESTAMP=1513045695061	USER=2017213705	TASK=10	ACTION=SESSION_ANNOTATION	INFO:	score=3
15,25,2016310023,1,5,TIMESTAMP=1513046078620	USER=2016310023	TASK=1	ACTION=SESSION_ANNOTATION	INFO:	score=5
16,26,2016310023,11,5,TIMESTAMP=1513046467976	USER=2016310023	TASK=11	ACTION=SESSION_ANNOTATION	INFO:	score=5
17,27,2017213705,3,2,TIMESTAMP=1513046497608	USER=2017213705	TASK=3	ACTION=SESSION_ANNOTATION	INFO:	score=2
18,28,2017213705,4,3,TIMESTAMP=1513047131194	USER=2017213705	TASK=4	ACTION=SESSION_ANNOTATION	INFO:	score=3
19,29,2016310023,2,4,TIMESTAMP=1513047523372	USER=2016310023	TASK=2	ACTION=SESSION_ANNOTATION	INFO:	score=4
20,30,2017213705,8,3,TIMESTAMP=1513047540271	USER=2017213705	TASK=8	ACTION=SESSION_ANNOTATION	INFO:	score=3
21,31,2017213705,7,4,TIMESTAMP=1513048031854	USER=2017213705	TASK=7	ACTION=SESSION_ANNOTATION	INFO:	score=4
22,32,2017213705,12,3,TIMESTAMP=1513048464281	USER=2017213705	TASK=12	ACTION=SESSION_ANNOTATION	INFO:	score=3
23,33,2017213705,2,3,TIMESTAMP=1513048883572	USER=2017213705	TASK=2	ACTION=SESSION_ANNOTATION	INFO:	score=3
24,34,2016310023,3,4,TIMESTAMP=1513049283119	USER=2016310023	TASK=3	ACTION=SESSION_ANNOTATION	INFO:	score=4
25,35,2017213705,11,4,TIMESTAMP=1513049428369	USER=2017213705	TASK=11	ACTION=SESSION_ANNOTATION	INFO:	score=4
26,36,2017213705,1,4,TIMESTAMP=1513049787658	USER=2017213705	TASK=1	ACTION=SESSION_ANNOTATION	INFO:	score=4
27,37,2016310023,10,5,TIMESTAMP=1513050053808	USER=2016310023	TASK=10	ACTION=SESSION_ANNOTATION	INFO:	score=5
28,38,2016310023,8,5,TIMESTAMP=1513050411500	USER=2016310023	TASK=8	ACTION=SESSION_ANNOTATION	INFO:	score=5
29,39,2016310023,4,5,TIMESTAMP=1513050548750	USER=2016310023	TASK=4	ACTION=SESSION_ANNOTATION	INFO:	score=5
30,40,2016310023,12,5,TIMESTAMP=1513050883806	USER=2016310023	TASK=12	ACTION=SESSION_ANNOTATION	INFO:	score=5
34,54,1701110210,8,3,TIMESTAMP=1513057140310	USER=1701110210	TASK=8	ACTION=SESSION_ANNOTATION	INFO:	score=3
35,58,1701110210,12,3,TIMESTAMP=1513061194701	USER=1701110210	TASK=12	ACTION=SESSION_ANNOTATION	INFO:	score=3
36,59,1701110210,3,3,TIMESTAMP=1513062524329	USER=1701110210	TASK=3	ACTION=SESSION_ANNOTATION	INFO:	score=3
37,60,1701110210,2,5,TIMESTAMP=1513063561595	USER=1701110210	TASK=2	ACTION=SESSION_ANNOTATION	INFO:	score=5
38,61,1701110210,7,5,TIMESTAMP=1513064657203	USER=1701110210	TASK=7	ACTION=SESSION_ANNOTATION	INFO:	score=5
39,62,1701110210,4,5,TIMESTAMP=1513065346251	USER=1701110210	TASK=4	ACTION=SESSION_ANNOTATION	INFO:	score=5
40,63,1701110210,11,5,TIMESTAMP=1513065979298	USER=1701110210	TASK=11	ACTION=SESSION_ANNOTATION	INFO:	score=5
41,64,1701110210,10,5,TIMESTAMP=1513066604913	USER=1701110210	TASK=10	ACTION=SESSION_ANNOTATION	INFO:	score=5
42,65,1701110210,1,5,TIMESTAMP=1513066997320	USER=1701110210	TASK=1	ACTION=SESSION_ANNOTATION	INFO:	score=5
44,67,2016210825,4,4,TIMESTAMP=1513131354594	USER=2016210825	TASK=4	ACTION=SESSION_ANNOTATION	INFO:	score=4
45,68,2016210825,3,3,TIMESTAMP=1513131919527	USER=2016210825	TASK=3	ACTION=SESSION_ANNOTATION	INFO:	score=3
46,69,2016210825,7,4,TIMESTAMP=1513132325184	USER=2016210825	TASK=7	ACTION=SESSION_ANNOTATION	INFO:	score=4
47,70,2016210825,1,5,TIMESTAMP=1513132812985	USER=2016210825	TASK=1	ACTION=SESSION_ANNOTATION	INFO:	score=5
48,71,2016210825,11,5,TIMESTAMP=1513133127246	USER=2016210825	TASK=11	ACTION=SESSION_ANNOTATION	INFO:	score=5
49,72,2016210825,12,5,TIMESTAMP=1513134235457	USER=2016210825	TASK=12	ACTION=SESSION_ANNOTATION	INFO:	score=5
50,73,2016210825,8,5,TIMESTAMP=1513134660169	USER=2016210825	TASK=8	ACTION=SESSION_ANNOTATION	INFO:	score=5
51,74,2016210825,10,5,TIMESTAMP=1513135145908	USER=2016210825	TASK=10	ACTION=SESSION_ANNOTATION	INFO:	score=5
52,75,2016210825,2,5,TIMESTAMP=1513135500321	USER=2016210825	TASK=2	ACTION=SESSION_ANNOTATION	INFO:	score=5
55,79,2015011938,4,5,TIMESTAMP=1513147053372	USER=2015011938	TASK=4	ACTION=SESSION_ANNOTATION	INFO:	score=5
56,80,2015012322,10,4,TIMESTAMP=1513147097620	USER=2015012322	TASK=10	ACTION=SESSION_ANNOTATION	INFO:	score=4
57,81,2015012322,8,3,TIMESTAMP=1513147671292	USER=2015012322	TASK=8	ACTION=SESSION_ANNOTATION	INFO:	score=3
58,82,2015012322,3,3,TIMESTAMP=1513148090908	USER=2015012322	TASK=3	ACTION=SESSION_ANNOTATION	INFO:	score=3
59,83,2015011938,1,4,TIMESTAMP=1513148700117	USER=2015011938	TASK=1	ACTION=SESSION_ANNOTATION	INFO:	score=4
60,84,2015012322,4,3,TIMESTAMP=1513148887870	USER=2015012322	TASK=4	ACTION=SESSION_ANNOTATION	INFO:	score=3
61,85,2015012322,2,3,TIMESTAMP=1513149529460	USER=2015012322	TASK=2	ACTION=SESSION_ANNOTATION	INFO:	score=3
62,86,2015011938,8,4,TIMESTAMP=1513149540891	USER=2015011938	TASK=8	ACTION=SESSION_ANNOTATION	INFO:	score=4
63,87,2015012322,12,3,TIMESTAMP=1513150336412	USER=2015012322	TASK=12	ACTION=SESSION_ANNOTATION	INFO:	score=3
64,88,2015011938,3,3,TIMESTAMP=1513150412215	USER=2015011938	TASK=3	ACTION=SESSION_ANNOTATION	INFO:	score=3
65,90,2015012322,11,5,TIMESTAMP=1513150682492	USER=2015012322	TASK=11	ACTION=SESSION_ANNOTATION	INFO:	score=5
66,91,2015011938,7,5,TIMESTAMP=1513150702901	USER=2015011938	TASK=7	ACTION=SESSION_ANNOTATION	INFO:	score=5
67,92,2015012322,1,4,TIMESTAMP=1513150960116	USER=2015012322	TASK=1	ACTION=SESSION_ANNOTATION	INFO:	score=4
68,93,2015011938,11,5,TIMESTAMP=1513151077140	USER=2015011938	TASK=11	ACTION=SESSION_ANNOTATION	INFO:	score=5
69,94,2015012322,7,5,TIMESTAMP=1513151437540	USER=2015012322	TASK=7	ACTION=SESSION_ANNOTATION	INFO:	score=5
70,95,2015011938,12,2,TIMESTAMP=1513151788465	USER=2015011938	TASK=12	ACTION=SESSION_ANNOTATION	INFO:	score=2
71,96,2015011938,2,4,TIMESTAMP=1513152107896	USER=2015011938	TASK=2	ACTION=SESSION_ANNOTATION	INFO:	score=4
73,98,2015011938,10,5,TIMESTAMP=1513152906444	USER=2015011938	TASK=10	ACTION=SESSION_ANNOTATION	INFO:	score=5
74,99,2017011236,2,3,TIMESTAMP=1513154491012	USER=2017011236	TASK=2	ACTION=SESSION_ANNOTATION	INFO:	score=3
75,100,2017011236,1,5,TIMESTAMP=1513155371188	USER=2017011236	TASK=1	ACTION=SESSION_ANNOTATION	INFO:	score=5
76,101,2017011236,10,3,TIMESTAMP=1513156535452	USER=2017011236	TASK=10	ACTION=SESSION_ANNOTATION	INFO:	score=3
77,102,2017011236,3,4,TIMESTAMP=1513157022267	USER=2017011236	TASK=3	ACTION=SESSION_ANNOTATION	INFO:	score=4
78,103,2017011236,8,4,TIMESTAMP=1513157430267	USER=2017011236	TASK=8	ACTION=SESSION_ANNOTATION	INFO:	score=4
79,104,2017011236,12,4,TIMESTAMP=1513158468002	USER=2017011236	TASK=12	ACTION=SESSION_ANNOTATION	INFO:	score=4
80,105,2017011236,7,5,TIMESTAMP=1513158940259	USER=2017011236	TASK=7	ACTION=SESSION_ANNOTATION	INFO:	score=5
81,106,2017011236,11,5,TIMESTAMP=1513159445650	USER=2017011236	TASK=11	ACTION=SESSION_ANNOTATION	INFO:	score=5
82,107,2017011236,4,4,TIMESTAMP=1513160221434	USER=2017011236	TASK=4	ACTION=SESSION_ANNOTATION	INFO:	score=4
84,109,2017010394,11,3,TIMESTAMP=1513164241023	USER=2017010394	TASK=11	ACTION=SESSION_ANNOTATION	INFO:	score=3
85,110,2014011501,8,4,TIMESTAMP=1513164551113	USER=2014011501	TASK=8	ACTION=SESSION_ANNOTATION	INFO:	score=4
86,111,2017011398,2,3,TIMESTAMP=1513164773652	USER=2017011398	TASK=2	ACTION=SESSION_ANNOTATION	INFO:	score=3
87,112,2017010394,10,4,TIMESTAMP=1513164993901	USER=2017010394	TASK=10	ACTION=SESSION_ANNOTATION	INFO:	score=4
88,113,2017010394,1,5,TIMESTAMP=1513165365355	USER=2017010394	TASK=1	ACTION=SESSION_ANNOTATION	INFO:	score=5
89,114,2014011501,11,3,TIMESTAMP=1513165468003	USER=2014011501	TASK=11	ACTION=SESSION_ANNOTATION	INFO:	score=3
90,115,2017011398,1,3,TIMESTAMP=1513165711399	USER=2017011398	TASK=1	ACTION=SESSION_ANNOTATION	INFO:	score=3
91,116,2017010394,12,4,TIMESTAMP=1513165873265	USER=2017010394	TASK=12	ACTION=SESSION_ANNOTATION	INFO:	score=4
92,117,2014011501,3,3,TIMESTAMP=1513166307247	USER=2014011501	TASK=3	ACTION=SESSION_ANNOTATION	INFO:	score=3
93,118,2017010394,7,5,TIMESTAMP=1513166367108	USER=2017010394	TASK=7	ACTION=SESSION_ANNOTATION	INFO:	score=5
94,119,2017011398,12,4,TIMESTAMP=1513166702792	USER=2017011398	TASK=12	ACTION=SESSION_ANNOTATION	INFO:	score=4
95,120,2017010394,8,4,TIMESTAMP=1513166881109	USER=2017010394	TASK=8	ACTION=SESSION_ANNOTATION	INFO:	score=4
96,121,2014011501,4,4,TIMESTAMP=1513167063231	USER=2014011501	TASK=4	ACTION=SESSION_ANNOTATION	INFO:	score=4
97,122,2017011398,4,4,TIMESTAMP=1513167109172	USER=2017011398	TASK=4	ACTION=SESSION_ANNOTATION	INFO:	score=4
98,123,2017010394,4,4,TIMESTAMP=1513167243998	USER=2017010394	TASK=4	ACTION=SESSION_ANNOTATION	INFO:	score=4
99,124,2014011501,7,5,TIMESTAMP=1513167500777	USER=2014011501	TASK=7	ACTION=SESSION_ANNOTATION	INFO:	score=5
100,125,2017010394,2,4,TIMESTAMP=1513167791495	USER=2017010394	TASK=2	ACTION=SESSION_ANNOTATION	INFO:	score=4
101,126,2017011398,10,4,TIMESTAMP=1513168038215	USER=2017011398	TASK=10	ACTION=SESSION_ANNOTATION	INFO:	score=4
102,127,2014011501,2,2,TIMESTAMP=1513168322298	USER=2014011501	TASK=2	ACTION=SESSION_ANNOTATION	INFO:	score=2
103,128,2017010394,3,3,TIMESTAMP=1513168477348	USER=2017010394	TASK=3	ACTION=SESSION_ANNOTATION	INFO:	score=3
104,129,2017011398,3,3,TIMESTAMP=1513168543707	USER=2017011398	TASK=3	ACTION=SESSION_ANNOTATION	INFO:	score=3
105,130,2014011501,1,5,TIMESTAMP=1513168595340	USER=2014011501	TASK=1	ACTION=SESSION_ANNOTATION	INFO:	score=5
106,131,2017011398,8,4,TIMESTAMP=1513168840351	USER=2017011398	TASK=8	ACTION=SESSION_ANNOTATION	INFO:	score=4
107,132,2014011501,12,4,TIMESTAMP=1513169040979	USER=2014011501	TASK=12	ACTION=SESSION_ANNOTATION	INFO:	score=4
108,133,2017011398,11,4,TIMESTAMP=1513169117531	USER=2017011398	TASK=11	ACTION=SESSION_ANNOTATION	INFO:	score=4
109,134,2017011398,7,4,TIMESTAMP=1513169512177	USER=2017011398	TASK=7	ACTION=SESSION_ANNOTATION	INFO:	score=4
110,135,2014011501,10,5,TIMESTAMP=1513169980372	USER=2014011501	TASK=10	ACTION=SESSION_ANNOTATION	INFO:	score=5
112,137,2018000001,3,4,TIMESTAMP=1513219736892	USER=2018000001	TASK=3	ACTION=SESSION_ANNOTATION	INFO:	score=4
113,138,2018000001,10,5,TIMESTAMP=1513221945194	USER=2018000001	TASK=10	ACTION=SESSION_ANNOTATION	INFO:	score=5
115,140,2017011419,7,5,TIMESTAMP=1513232927672	USER=2017011419	TASK=7	ACTION=SESSION_ANNOTATION	INFO:	score=5
116,141,2017011419,8,3,TIMESTAMP=1513233549449	USER=2017011419	TASK=8	ACTION=SESSION_ANNOTATION	INFO:	score=3
117,142,2017011419,3,4,TIMESTAMP=1513234287593	USER=2017011419	TASK=3	ACTION=SESSION_ANNOTATION	INFO:	score=4
118,143,2017011419,1,3,TIMESTAMP=1513234680027	USER=2017011419	TASK=1	ACTION=SESSION_ANNOTATION	INFO:	score=3
120,145,2018000001,11,3,TIMESTAMP=1513234935293	USER=2018000001	TASK=11	ACTION=SESSION_ANNOTATION	INFO:	score=3
122,147,2017011419,2,3,TIMESTAMP=1513235202261	USER=2017011419	TASK=2	ACTION=SESSION_ANNOTATION	INFO:	score=3
123,148,2014310881,1,3,TIMESTAMP=1513234110795	USER=2014310881	TASK=1	ACTION=SESSION_ANNOTATION	INFO:	score=3
124,149,2017011419,11,3,TIMESTAMP=1513235901320	USER=2017011419	TASK=11	ACTION=SESSION_ANNOTATION	INFO:	score=3
125,150,2014310881,10,4,TIMESTAMP=1513234887843	USER=2014310881	TASK=10	ACTION=SESSION_ANNOTATION	INFO:	score=4
126,151,2018000001,12,4,TIMESTAMP=1513236111200	USER=2018000001	TASK=12	ACTION=SESSION_ANNOTATION	INFO:	score=4
127,152,2017011419,4,4,TIMESTAMP=1513236226409	USER=2017011419	TASK=4	ACTION=SESSION_ANNOTATION	INFO:	score=4
128,153,2014310881,8,5,TIMESTAMP=1513235117592	USER=2014310881	TASK=8	ACTION=SESSION_ANNOTATION	INFO:	score=5
129,154,2016211684,12,4,TIMESTAMP=1513236492671	USER=2016211684	TASK=12	ACTION=SESSION_ANNOTATION	INFO:	score=4
130,155,2018000001,8,4,TIMESTAMP=1513236838759	USER=2018000001	TASK=8	ACTION=SESSION_ANNOTATION	INFO:	score=4
131,156,2014310881,7,5,TIMESTAMP=1513235774590	USER=2014310881	TASK=7	ACTION=SESSION_ANNOTATION	INFO:	score=5
132,157,2017011419,12,4,TIMESTAMP=1513237178504	USER=2017011419	TASK=12	ACTION=SESSION_ANNOTATION	INFO:	score=4
133,158,2018000001,7,5,TIMESTAMP=1513237542130	USER=2018000001	TASK=7	ACTION=SESSION_ANNOTATION	INFO:	score=5
134,159,2016211684,4,3,TIMESTAMP=1513237648743	USER=2016211684	TASK=4	ACTION=SESSION_ANNOTATION	INFO:	score=3
135,160,2017011419,10,4,TIMESTAMP=1513237740589	USER=2017011419	TASK=10	ACTION=SESSION_ANNOTATION	INFO:	score=4
136,161,2016211684,10,3,TIMESTAMP=1513238474966	USER=2016211684	TASK=10	ACTION=SESSION_ANNOTATION	INFO:	score=3
137,162,2016211684,3,2,TIMESTAMP=1513239066552	USER=2016211684	TASK=3	ACTION=SESSION_ANNOTATION	INFO:	score=2
138,163,2014310881,12,4,TIMESTAMP=1513237961733	USER=2014310881	TASK=12	ACTION=SESSION_ANNOTATION	INFO:	score=4
139,164,2016211684,1,5,TIMESTAMP=1513239475730	USER=2016211684	TASK=1	ACTION=SESSION_ANNOTATION	INFO:	score=5
140,165,2014310881,4,4,TIMESTAMP=1513238735572	USER=2014310881	TASK=4	ACTION=SESSION_ANNOTATION	INFO:	score=4
141,166,2018000001,4,4,TIMESTAMP=1513239989034	USER=2018000001	TASK=4	ACTION=SESSION_ANNOTATION	INFO:	score=4
142,167,2016211684,2,3,TIMESTAMP=1513240150792	USER=2016211684	TASK=2	ACTION=SESSION_ANNOTATION	INFO:	score=3
143,168,2014310881,11,4,TIMESTAMP=1513239282130	USER=2014310881	TASK=11	ACTION=SESSION_ANNOTATION	INFO:	score=4
144,169,2016211684,11,5,TIMESTAMP=1513240537040	USER=2016211684	TASK=11	ACTION=SESSION_ANNOTATION	INFO:	score=5
145,170,2018000001,1,5,TIMESTAMP=1513240555569	USER=2018000001	TASK=1	ACTION=SESSION_ANNOTATION	INFO:	score=5
146,171,2014310881,3,1,TIMESTAMP=1513239636063	USER=2014310881	TASK=3	ACTION=SESSION_ANNOTATION	INFO:	score=1
147,172,2016211684,8,4,TIMESTAMP=1513241000223	USER=2016211684	TASK=8	ACTION=SESSION_ANNOTATION	INFO:	score=4
148,173,2014310881,2,2,TIMESTAMP=1513240144236	USER=2014310881	TASK=2	ACTION=SESSION_ANNOTATION	INFO:	score=2
149,174,2016211684,7,5,TIMESTAMP=1513241634246	USER=2016211684	TASK=7	ACTION=SESSION_ANNOTATION	INFO:	score=5
150,175,2018000001,2,5,TIMESTAMP=1513242313415	USER=2018000001	TASK=2	ACTION=SESSION_ANNOTATION	INFO:	score=5
152,177,2016012270,11,3,TIMESTAMP=1513251333085	USER=2016012270	TASK=11	ACTION=SESSION_ANNOTATION	INFO:	score=3
153,178,2016050040,8,3,TIMESTAMP=1513251515098	USER=2016050040	TASK=8	ACTION=SESSION_ANNOTATION	INFO:	score=3
154,179,2016012299,4,4,TIMESTAMP=1513252242012	USER=2016012299	TASK=4	ACTION=SESSION_ANNOTATION	INFO:	score=4
155,180,2016012270,3,3,TIMESTAMP=1513252674725	USER=2016012270	TASK=3	ACTION=SESSION_ANNOTATION	INFO:	score=3
156,181,2016050040,10,4,TIMESTAMP=1513252757733	USER=2016050040	TASK=10	ACTION=SESSION_ANNOTATION	INFO:	score=4
157,182,2016012299,12,3,TIMESTAMP=1513252789446	USER=2016012299	TASK=12	ACTION=SESSION_ANNOTATION	INFO:	score=3
158,183,2016050040,1,5,TIMESTAMP=1513253132438	USER=2016050040	TASK=1	ACTION=SESSION_ANNOTATION	INFO:	score=5
159,184,2016012270,8,4,TIMESTAMP=1513253498154	USER=2016012270	TASK=8	ACTION=SESSION_ANNOTATION	INFO:	score=4
160,185,2016012299,2,3,TIMESTAMP=1513253590991	USER=2016012299	TASK=2	ACTION=SESSION_ANNOTATION	INFO:	score=3
161,186,2016012270,1,4,TIMESTAMP=1513254037624	USER=2016012270	TASK=1	ACTION=SESSION_ANNOTATION	INFO:	score=4
162,187,2016050040,2,1,TIMESTAMP=1513254087066	USER=2016050040	TASK=2	ACTION=SESSION_ANNOTATION	INFO:	score=1
163,188,2016012299,1,4,TIMESTAMP=1513254176249	USER=2016012299	TASK=1	ACTION=SESSION_ANNOTATION	INFO:	score=4
164,189,2016050040,7,5,TIMESTAMP=1513254471544	USER=2016050040	TASK=7	ACTION=SESSION_ANNOTATION	INFO:	score=5
165,190,2016012299,7,5,TIMESTAMP=1513254505298	USER=2016012299	TASK=7	ACTION=SESSION_ANNOTATION	INFO:	score=5
166,191,2016050040,11,5,TIMESTAMP=1513254886624	USER=2016050040	TASK=11	ACTION=SESSION_ANNOTATION	INFO:	score=5
167,192,2016012299,10,4,TIMESTAMP=1513255111142	USER=2016012299	TASK=10	ACTION=SESSION_ANNOTATION	INFO:	score=4
168,193,2016012270,12,3,TIMESTAMP=1513255311266	USER=2016012270	TASK=12	ACTION=SESSION_ANNOTATION	INFO:	score=3
169,194,2016050040,3,4,TIMESTAMP=1513255367559	USER=2016050040	TASK=3	ACTION=SESSION_ANNOTATION	INFO:	score=4
170,195,2016012299,3,4,TIMESTAMP=1513255482622	USER=2016012299	TASK=3	ACTION=SESSION_ANNOTATION	INFO:	score=4
171,196,2016050040,4,5,TIMESTAMP=1513255523800	USER=2016050040	TASK=4	ACTION=SESSION_ANNOTATION	INFO:	score=5
172,197,2016012299,8,5,TIMESTAMP=1513255812599	USER=2016012299	TASK=8	ACTION=SESSION_ANNOTATION	INFO:	score=5
173,198,2016050040,12,4,TIMESTAMP=1513256492226	USER=2016050040	TASK=12	ACTION=SESSION_ANNOTATION	INFO:	score=4
174,199,2016012270,4,4,TIMESTAMP=1513256500293	USER=2016012270	TASK=4	ACTION=SESSION_ANNOTATION	INFO:	score=4
175,200,2016012299,11,4,TIMESTAMP=1513256518913	USER=2016012299	TASK=11	ACTION=SESSION_ANNOTATION	INFO:	score=4
176,201,2016012270,10,4,TIMESTAMP=1513257374411	USER=2016012270	TASK=10	ACTION=SESSION_ANNOTATION	INFO:	score=4
177,202,2016012270,2,3,TIMESTAMP=1513258119419	USER=2016012270	TASK=2	ACTION=SESSION_ANNOTATION	INFO:	score=3
178,203,2016012270,7,5,TIMESTAMP=1513258332037	USER=2016012270	TASK=7	ACTION=SESSION_ANNOTATION	INFO:	score=5
180,205,2016011317,12,4,TIMESTAMP=1513319169459	USER=2016011317	TASK=12	ACTION=SESSION_ANNOTATION	INFO:	score=4
181,206,2014012437,1,3,TIMESTAMP=1513319355966	USER=2014012437	TASK=1	ACTION=SESSION_ANNOTATION	INFO:	score=3
182,207,2016011317,7,5,TIMESTAMP=1513319759951	USER=2016011317	TASK=7	ACTION=SESSION_ANNOTATION	INFO:	score=5
183,208,2016011317,11,3,TIMESTAMP=1513320292290	USER=2016011317	TASK=11	ACTION=SESSION_ANNOTATION	INFO:	score=3
184,209,2014012437,2,2,TIMESTAMP=1513320761021	USER=2014012437	TASK=2	ACTION=SESSION_ANNOTATION	INFO:	score=2
185,210,2016011317,4,4,TIMESTAMP=1513320921765	USER=2016011317	TASK=4	ACTION=SESSION_ANNOTATION	INFO:	score=4
186,211,2014012437,10,4,TIMESTAMP=1513321543170	USER=2014012437	TASK=10	ACTION=SESSION_ANNOTATION	INFO:	score=4
187,212,2016011317,8,4,TIMESTAMP=1513321873209	USER=2016011317	TASK=8	ACTION=SESSION_ANNOTATION	INFO:	score=4
188,213,2016011317,10,5,TIMESTAMP=1513322230641	USER=2016011317	TASK=10	ACTION=SESSION_ANNOTATION	INFO:	score=5
189,214,2014012437,3,3,TIMESTAMP=1513322368471	USER=2014012437	TASK=3	ACTION=SESSION_ANNOTATION	INFO:	score=3
190,216,2016011317,2,5,TIMESTAMP=1513322728624	USER=2016011317	TASK=2	ACTION=SESSION_ANNOTATION	INFO:	score=5
191,217,2014012437,4,4,TIMESTAMP=1513322888469	USER=2014012437	TASK=4	ACTION=SESSION_ANNOTATION	INFO:	score=4
192,218,2016011317,1,4,TIMESTAMP=1513323122669	USER=2016011317	TASK=1	ACTION=SESSION_ANNOTATION	INFO:	score=4
193,219,2016011317,3,4,TIMESTAMP=1513323404232	USER=2016011317	TASK=3	ACTION=SESSION_ANNOTATION	INFO:	score=4
194,220,2014012437,12,2,TIMESTAMP=1513323833157	USER=2014012437	TASK=12	ACTION=SESSION_ANNOTATION	INFO:	score=2
195,221,2014012437,11,3,TIMESTAMP=1513324398027	USER=2014012437	TASK=11	ACTION=SESSION_ANNOTATION	INFO:	score=3
196,222,2014012437,7,4,TIMESTAMP=1513324810842	USER=2014012437	TASK=7	ACTION=SESSION_ANNOTATION	INFO:	score=4
197,223,2014012437,8,3,TIMESTAMP=1513325234936	USER=2014012437	TASK=8	ACTION=SESSION_ANNOTATION	INFO:	score=3
199,225,2015011907,11,3,TIMESTAMP=1513337053227	USER=2015011907	TASK=11	ACTION=SESSION_ANNOTATION	INFO:	score=3
200,226,2016211383,12,4,TIMESTAMP=1513337222373	USER=2016211383	TASK=12	ACTION=SESSION_ANNOTATION	INFO:	score=4
202,228,2016212450,1,5,TIMESTAMP=1513337029740	USER=2016212450	TASK=1	ACTION=SESSION_ANNOTATION	INFO:	score=5
203,229,2015011907,1,4,TIMESTAMP=1513337893274	USER=2015011907	TASK=1	ACTION=SESSION_ANNOTATION	INFO:	score=4
204,230,2016211383,10,5,TIMESTAMP=1513337940836	USER=2016211383	TASK=10	ACTION=SESSION_ANNOTATION	INFO:	score=5
205,231,2016212450,7,4,TIMESTAMP=1513337849654	USER=2016212450	TASK=7	ACTION=SESSION_ANNOTATION	INFO:	score=4
206,232,2016211383,11,5,TIMESTAMP=1513338394601	USER=2016211383	TASK=11	ACTION=SESSION_ANNOTATION	INFO:	score=5
207,233,2016212450,11,2,TIMESTAMP=1513338303498	USER=2016212450	TASK=11	ACTION=SESSION_ANNOTATION	INFO:	score=2
208,234,2016211383,8,4,TIMESTAMP=1513339039919	USER=2016211383	TASK=8	ACTION=SESSION_ANNOTATION	INFO:	score=4
209,235,2016212450,10,5,TIMESTAMP=1513338702044	USER=2016212450	TASK=10	ACTION=SESSION_ANNOTATION	INFO:	score=5
210,236,2015011907,12,3,TIMESTAMP=1513339299271	USER=2015011907	TASK=12	ACTION=SESSION_ANNOTATION	INFO:	score=3
211,237,2016211383,2,4,TIMESTAMP=1513339587212	USER=2016211383	TASK=2	ACTION=SESSION_ANNOTATION	INFO:	score=4
212,238,2016212450,8,4,TIMESTAMP=1513339428494	USER=2016212450	TASK=8	ACTION=SESSION_ANNOTATION	INFO:	score=4
213,239,2016211383,4,3,TIMESTAMP=1513340231801	USER=2016211383	TASK=4	ACTION=SESSION_ANNOTATION	INFO:	score=3
214,240,2015011907,4,4,TIMESTAMP=1513340327404	USER=2015011907	TASK=4	ACTION=SESSION_ANNOTATION	INFO:	score=4
215,241,2016211383,7,5,TIMESTAMP=1513340726904	USER=2016211383	TASK=7	ACTION=SESSION_ANNOTATION	INFO:	score=5
216,242,2015011907,3,3,TIMESTAMP=1513340913434	USER=2015011907	TASK=3	ACTION=SESSION_ANNOTATION	INFO:	score=3
217,243,2015011907,8,4,TIMESTAMP=1513341386866	USER=2015011907	TASK=8	ACTION=SESSION_ANNOTATION	INFO:	score=4
218,244,2016211383,3,3,TIMESTAMP=1513341492890	USER=2016211383	TASK=3	ACTION=SESSION_ANNOTATION	INFO:	score=3
219,245,2016212450,3,4,TIMESTAMP=1513341175964	USER=2016212450	TASK=3	ACTION=SESSION_ANNOTATION	INFO:	score=4
220,246,2016212450,4,5,TIMESTAMP=1513341270801	USER=2016212450	TASK=4	ACTION=SESSION_ANNOTATION	INFO:	score=5
221,247,2015011907,2,4,TIMESTAMP=1513341860083	USER=2015011907	TASK=2	ACTION=SESSION_ANNOTATION	INFO:	score=4
222,248,2016211383,1,4,TIMESTAMP=1513341959147	USER=2016211383	TASK=1	ACTION=SESSION_ANNOTATION	INFO:	score=4
223,249,2016212450,2,4,TIMESTAMP=1513341664384	USER=2016212450	TASK=2	ACTION=SESSION_ANNOTATION	INFO:	score=4
224,250,2015011907,10,4,TIMESTAMP=1513342382578	USER=2015011907	TASK=10	ACTION=SESSION_ANNOTATION	INFO:	score=4
225,251,2016212450,12,2,TIMESTAMP=1513342048025	USER=2016212450	TASK=12	ACTION=SESSION_ANNOTATION	INFO:	score=2
226,252,2015011907,7,4,TIMESTAMP=1513342718987	USER=2015011907	TASK=7	ACTION=SESSION_ANNOTATION	INFO:	score=4
229,255,2012012180,3,4,TIMESTAMP=1513404905228	USER=2012012180	TASK=3	ACTION=SESSION_ANNOTATION	INFO:	score=4
230,257,2012012180,7,4,TIMESTAMP=1513405557653	USER=2012012180	TASK=7	ACTION=SESSION_ANNOTATION	INFO:	score=4
231,258,2012012180,8,3,TIMESTAMP=1513405991660	USER=2012012180	TASK=8	ACTION=SESSION_ANNOTATION	INFO:	score=3
232,259,2015011730,3,4,TIMESTAMP=1513406165447	USER=2015011730	TASK=3	ACTION=SESSION_ANNOTATION	INFO:	score=4
233,260,2018000002,4,4,TIMESTAMP=1513406847069	USER=2018000002	TASK=4	ACTION=SESSION_ANNOTATION	INFO:	score=4
234,261,2012012180,2,3,TIMESTAMP=1513406974996	USER=2012012180	TASK=2	ACTION=SESSION_ANNOTATION	INFO:	score=3
235,262,2015011730,10,4,TIMESTAMP=1513407072405	USER=2015011730	TASK=10	ACTION=SESSION_ANNOTATION	INFO:	score=4
236,263,2012012180,4,5,TIMESTAMP=1513407558659	USER=2012012180	TASK=4	ACTION=SESSION_ANNOTATION	INFO:	score=5
237,264,2015011730,2,4,TIMESTAMP=1513407972872	USER=2015011730	TASK=2	ACTION=SESSION_ANNOTATION	INFO:	score=4
238,265,2012012180,10,5,TIMESTAMP=1513408341884	USER=2012012180	TASK=10	ACTION=SESSION_ANNOTATION	INFO:	score=5
239,266,2018000002,3,2,TIMESTAMP=1513408713904	USER=2018000002	TASK=3	ACTION=SESSION_ANNOTATION	INFO:	score=2
240,267,2012012180,1,4,TIMESTAMP=1513408763600	USER=2012012180	TASK=1	ACTION=SESSION_ANNOTATION	INFO:	score=4
241,268,2015011730,12,4,TIMESTAMP=1513408850333	USER=2015011730	TASK=12	ACTION=SESSION_ANNOTATION	INFO:	score=4
242,269,2015011730,7,5,TIMESTAMP=1513409526629	USER=2015011730	TASK=7	ACTION=SESSION_ANNOTATION	INFO:	score=5
243,270,2018000002,7,4,TIMESTAMP=1513409532047	USER=2018000002	TASK=7	ACTION=SESSION_ANNOTATION	INFO:	score=4
244,271,2012012180,12,5,TIMESTAMP=1513409687914	USER=2012012180	TASK=12	ACTION=SESSION_ANNOTATION	INFO:	score=5
245,272,2012012180,11,5,TIMESTAMP=1513409902990	USER=2012012180	TASK=11	ACTION=SESSION_ANNOTATION	INFO:	score=5
246,273,2015011730,1,5,TIMESTAMP=1513410010448	USER=2015011730	TASK=1	ACTION=SESSION_ANNOTATION	INFO:	score=5
247,274,2015011730,11,5,TIMESTAMP=1513410440323	USER=2015011730	TASK=11	ACTION=SESSION_ANNOTATION	INFO:	score=5
248,275,2018000002,11,3,TIMESTAMP=1513410763192	USER=2018000002	TASK=11	ACTION=SESSION_ANNOTATION	INFO:	score=3
249,276,2015011730,4,5,TIMESTAMP=1513411249621	USER=2015011730	TASK=4	ACTION=SESSION_ANNOTATION	INFO:	score=5
250,277,2015011730,8,4,TIMESTAMP=1513411658716	USER=2015011730	TASK=8	ACTION=SESSION_ANNOTATION	INFO:	score=4
251,278,2018000002,10,5,TIMESTAMP=1513411932183	USER=2018000002	TASK=10	ACTION=SESSION_ANNOTATION	INFO:	score=5
252,279,2018000002,1,5,TIMESTAMP=1513412152087	USER=2018000002	TASK=1	ACTION=SESSION_ANNOTATION	INFO:	score=5
253,280,2018000002,12,4,TIMESTAMP=1513412386357	USER=2018000002	TASK=12	ACTION=SESSION_ANNOTATION	INFO:	score=4
254,281,2018000002,8,4,TIMESTAMP=1513412910407	USER=2018000002	TASK=8	ACTION=SESSION_ANNOTATION	INFO:	score=4
255,282,2018000002,2,5,TIMESTAMP=1513413209730	USER=2018000002	TASK=2	ACTION=SESSION_ANNOTATION	INFO:	score=5
257,284,2015010242,2,3,TIMESTAMP=1513577797335	USER=2015010242	TASK=2	ACTION=SESSION_ANNOTATION	INFO:	score=3
258,285,2015010242,3,2,TIMESTAMP=1513578397817	USER=2015010242	TASK=3	ACTION=SESSION_ANNOTATION	INFO:	score=2
259,286,2015010242,12,4,TIMESTAMP=1513578985065	USER=2015010242	TASK=12	ACTION=SESSION_ANNOTATION	INFO:	score=4
261,288,2015010242,7,5,TIMESTAMP=1513579434000	USER=2015010242	TASK=7	ACTION=SESSION_ANNOTATION	INFO:	score=5
262,289,2015010242,11,3,TIMESTAMP=1513579905273	USER=2015010242	TASK=11	ACTION=SESSION_ANNOTATION	INFO:	score=3
263,290,2016011351,8,4,TIMESTAMP=1513579860405	USER=2016011351	TASK=8	ACTION=SESSION_ANNOTATION	INFO:	score=4
264,291,2015010242,10,5,TIMESTAMP=1513580389539	USER=2015010242	TASK=10	ACTION=SESSION_ANNOTATION	INFO:	score=5
265,292,2016011351,11,5,TIMESTAMP=1513580342791	USER=2016011351	TASK=11	ACTION=SESSION_ANNOTATION	INFO:	score=5
266,293,2015010242,4,4,TIMESTAMP=1513580871035	USER=2015010242	TASK=4	ACTION=SESSION_ANNOTATION	INFO:	score=4
267,294,2016011351,3,3,TIMESTAMP=1513580968889	USER=2016011351	TASK=3	ACTION=SESSION_ANNOTATION	INFO:	score=3
268,295,2015010242,1,5,TIMESTAMP=1513581366837	USER=2015010242	TASK=1	ACTION=SESSION_ANNOTATION	INFO:	score=5
269,296,2016011351,1,5,TIMESTAMP=1513581636995	USER=2016011351	TASK=1	ACTION=SESSION_ANNOTATION	INFO:	score=5
270,297,2015010242,8,5,TIMESTAMP=1513581762859	USER=2015010242	TASK=8	ACTION=SESSION_ANNOTATION	INFO:	score=5
271,298,2016011351,7,5,TIMESTAMP=1513582226661	USER=2016011351	TASK=7	ACTION=SESSION_ANNOTATION	INFO:	score=5
272,299,2016011351,12,5,TIMESTAMP=1513583126170	USER=2016011351	TASK=12	ACTION=SESSION_ANNOTATION	INFO:	score=5
273,300,2016011351,4,2,TIMESTAMP=1513584386388	USER=2016011351	TASK=4	ACTION=SESSION_ANNOTATION	INFO:	score=2
274,301,2016011351,10,2,TIMESTAMP=1513585063013	USER=2016011351	TASK=10	ACTION=SESSION_ANNOTATION	INFO:	score=2
275,302,2016011351,2,4,TIMESTAMP=1513585368558	USER=2016011351	TASK=2	ACTION=SESSION_ANNOTATION	INFO:	score=4
277,304,2017310385,3,5,TIMESTAMP=1513648602489	USER=2017310385	TASK=3	ACTION=SESSION_ANNOTATION	INFO:	score=5
279,306,2017310385,10,5,TIMESTAMP=1513649174484	USER=2017310385	TASK=10	ACTION=SESSION_ANNOTATION	INFO:	score=5
280,307,2018000003,8,3,TIMESTAMP=1513649270467	USER=2018000003	TASK=8	ACTION=SESSION_ANNOTATION	INFO:	score=3
281,308,2017310385,1,5,TIMESTAMP=1513649443100	USER=2017310385	TASK=1	ACTION=SESSION_ANNOTATION	INFO:	score=5
282,309,2017310385,11,5,TIMESTAMP=1513649677065	USER=2017310385	TASK=11	ACTION=SESSION_ANNOTATION	INFO:	score=5
283,310,2018000003,1,4,TIMESTAMP=1513649731006	USER=2018000003	TASK=1	ACTION=SESSION_ANNOTATION	INFO:	score=4
284,311,2017310385,7,5,TIMESTAMP=1513649977721	USER=2017310385	TASK=7	ACTION=SESSION_ANNOTATION	INFO:	score=5
285,312,2018000003,11,4,TIMESTAMP=1513650060849	USER=2018000003	TASK=11	ACTION=SESSION_ANNOTATION	INFO:	score=4
286,313,2017310385,2,4,TIMESTAMP=1513650766087	USER=2017310385	TASK=2	ACTION=SESSION_ANNOTATION	INFO:	score=4
287,314,2018000003,12,4,TIMESTAMP=1513650841369	USER=2018000003	TASK=12	ACTION=SESSION_ANNOTATION	INFO:	score=4
288,315,2018000003,3,3,TIMESTAMP=1513651643314	USER=2018000003	TASK=3	ACTION=SESSION_ANNOTATION	INFO:	score=3
289,316,2017310385,12,5,TIMESTAMP=1513651695322	USER=2017310385	TASK=12	ACTION=SESSION_ANNOTATION	INFO:	score=5
290,317,2018000003,10,4,TIMESTAMP=1513652168782	USER=2018000003	TASK=10	ACTION=SESSION_ANNOTATION	INFO:	score=4
291,318,2017310385,4,5,TIMESTAMP=1513652398034	USER=2017310385	TASK=4	ACTION=SESSION_ANNOTATION	INFO:	score=5
292,319,2017310385,8,5,TIMESTAMP=1513652694647	USER=2017310385	TASK=8	ACTION=SESSION_ANNOTATION	INFO:	score=5
293,320,2018000003,2,4,TIMESTAMP=1513652886968	USER=2018000003	TASK=2	ACTION=SESSION_ANNOTATION	INFO:	score=4
294,321,2018000003,7,5,TIMESTAMP=1513653411081	USER=2018000003	TASK=7	ACTION=SESSION_ANNOTATION	INFO:	score=5
295,322,2018000003,4,5,TIMESTAMP=1513653828717	USER=2018000003	TASK=4	ACTION=SESSION_ANNOTATION	INFO:	score=5
297,324,2017270056,8,4,TIMESTAMP=1513664150604	USER=2017270056	TASK=8	ACTION=SESSION_ANNOTATION	INFO:	score=4
298,325,2017270056,11,3,TIMESTAMP=1513664814213	USER=2017270056	TASK=11	ACTION=SESSION_ANNOTATION	INFO:	score=3
299,326,2017270056,4,4,TIMESTAMP=1513665563568	USER=2017270056	TASK=4	ACTION=SESSION_ANNOTATION	INFO:	score=4
300,327,2017270056,7,5,TIMESTAMP=1513666433190	USER=2017270056	TASK=7	ACTION=SESSION_ANNOTATION	INFO:	score=5
301,328,2017270056,3,4,TIMESTAMP=1513666912734	USER=2017270056	TASK=3	ACTION=SESSION_ANNOTATION	INFO:	score=4
302,329,2017270056,1,5,TIMESTAMP=1513667228485	USER=2017270056	TASK=1	ACTION=SESSION_ANNOTATION	INFO:	score=5
303,330,2017270056,10,5,TIMESTAMP=1513667560433	USER=2017270056	TASK=10	ACTION=SESSION_ANNOTATION	INFO:	score=5
304,331,2017270056,12,3,TIMESTAMP=1513668329973	USER=2017270056	TASK=12	ACTION=SESSION_ANNOTATION	INFO:	score=3
305,332,2017270056,2,4,TIMESTAMP=1513668846724	USER=2017270056	TASK=2	ACTION=SESSION_ANNOTATION	INFO:	score=4
307,334,2015012923,12,3,TIMESTAMP=1513752068533	USER=2015012923	TASK=12	ACTION=SESSION_ANNOTATION	INFO:	score=3
308,335,2015012923,7,5,TIMESTAMP=1513752772550	USER=2015012923	TASK=7	ACTION=SESSION_ANNOTATION	INFO:	score=5
309,336,2015012923,11,3,TIMESTAMP=1513753307767	USER=2015012923	TASK=11	ACTION=SESSION_ANNOTATION	INFO:	score=3
310,337,2015012923,2,4,TIMESTAMP=1513753766295	USER=2015012923	TASK=2	ACTION=SESSION_ANNOTATION	INFO:	score=4
311,338,2016050025,1,4,TIMESTAMP=1513754161821	USER=2016050025	TASK=1	ACTION=SESSION_ANNOTATION	INFO:	score=4
312,339,2015012923,10,3,TIMESTAMP=1513754476919	USER=2015012923	TASK=10	ACTION=SESSION_ANNOTATION	INFO:	score=3
313,340,2016050025,11,4,TIMESTAMP=1513754939241	USER=2016050025	TASK=11	ACTION=SESSION_ANNOTATION	INFO:	score=4
314,341,2015012923,4,4,TIMESTAMP=1513754973053	USER=2015012923	TASK=4	ACTION=SESSION_ANNOTATION	INFO:	score=4
315,342,2015012923,8,5,TIMESTAMP=1513755271129	USER=2015012923	TASK=8	ACTION=SESSION_ANNOTATION	INFO:	score=5
316,343,2016050025,8,5,TIMESTAMP=1513755672991	USER=2016050025	TASK=8	ACTION=SESSION_ANNOTATION	INFO:	score=5
317,344,2015012923,3,2,TIMESTAMP=1513755827274	USER=2015012923	TASK=3	ACTION=SESSION_ANNOTATION	INFO:	score=2
318,345,2015012923,1,5,TIMESTAMP=1513756193159	USER=2015012923	TASK=1	ACTION=SESSION_ANNOTATION	INFO:	score=5
319,346,2016050025,10,4,TIMESTAMP=1513756464860	USER=2016050025	TASK=10	ACTION=SESSION_ANNOTATION	INFO:	score=4
320,347,2016050025,12,4,TIMESTAMP=1513757634704	USER=2016050025	TASK=12	ACTION=SESSION_ANNOTATION	INFO:	score=4
321,348,2016050025,4,5,TIMESTAMP=1513758526765	USER=2016050025	TASK=4	ACTION=SESSION_ANNOTATION	INFO:	score=5
322,349,2016050025,2,3,TIMESTAMP=1513759394373	USER=2016050025	TASK=2	ACTION=SESSION_ANNOTATION	INFO:	score=3
323,350,2016050025,7,5,TIMESTAMP=1513760113031	USER=2016050025	TASK=7	ACTION=SESSION_ANNOTATION	INFO:	score=5
324,351,2016050025,3,1,TIMESTAMP=1513760829174	USER=2016050025	TASK=3	ACTION=SESSION_ANNOTATION	INFO:	score=1
327,354,2018000004,3,2,TIMESTAMP=1513842077409	USER=2018000004	TASK=3	ACTION=SESSION_ANNOTATION	INFO:	score=2
328,355,2017010399,7,4,TIMESTAMP=1513842266605	USER=2017010399	TASK=7	ACTION=SESSION_ANNOTATION	INFO:	score=4
329,356,2018000004,7,4,TIMESTAMP=1513842573075	USER=2018000004	TASK=7	ACTION=SESSION_ANNOTATION	INFO:	score=4
330,357,2017010399,1,3,TIMESTAMP=1513842625091	USER=2017010399	TASK=1	ACTION=SESSION_ANNOTATION	INFO:	score=3
331,358,2017310599,7,4,TIMESTAMP=1513842823120	USER=2017310599	TASK=7	ACTION=SESSION_ANNOTATION	INFO:	score=4
333,360,2017310599,12,3,TIMESTAMP=1513843573819	USER=2017310599	TASK=12	ACTION=SESSION_ANNOTATION	INFO:	score=3
334,361,2017010399,10,4,TIMESTAMP=1513843626050	USER=2017010399	TASK=10	ACTION=SESSION_ANNOTATION	INFO:	score=4
335,362,2018000005,1,4,TIMESTAMP=1513843710606	USER=2018000005	TASK=1	ACTION=SESSION_ANNOTATION	INFO:	score=4
336,363,2018000004,2,4,TIMESTAMP=1513843733771	USER=2018000004	TASK=2	ACTION=SESSION_ANNOTATION	INFO:	score=4
337,364,2017010399,3,1,TIMESTAMP=1513844157114	USER=2017010399	TASK=3	ACTION=SESSION_ANNOTATION	INFO:	score=1
338,365,2017310599,2,4,TIMESTAMP=1513844318006	USER=2017310599	TASK=2	ACTION=SESSION_ANNOTATION	INFO:	score=4
339,366,2017010399,8,3,TIMESTAMP=1513844485793	USER=2017010399	TASK=8	ACTION=SESSION_ANNOTATION	INFO:	score=3
340,367,2018000005,3,4,TIMESTAMP=1513844565856	USER=2018000005	TASK=3	ACTION=SESSION_ANNOTATION	INFO:	score=4
341,368,2017010399,11,3,TIMESTAMP=1513844953329	USER=2017010399	TASK=11	ACTION=SESSION_ANNOTATION	INFO:	score=3
342,369,2018000004,12,4,TIMESTAMP=1513845303328	USER=2018000004	TASK=12	ACTION=SESSION_ANNOTATION	INFO:	score=4
343,370,2017310599,3,2,TIMESTAMP=1513845390146	USER=2017310599	TASK=3	ACTION=SESSION_ANNOTATION	INFO:	score=2
344,371,2017010399,4,5,TIMESTAMP=1513845409904	USER=2017010399	TASK=4	ACTION=SESSION_ANNOTATION	INFO:	score=5
345,372,2018000005,2,5,TIMESTAMP=1513845490203	USER=2018000005	TASK=2	ACTION=SESSION_ANNOTATION	INFO:	score=5
346,373,2017010399,12,4,TIMESTAMP=1513846147544	USER=2017010399	TASK=12	ACTION=SESSION_ANNOTATION	INFO:	score=4
347,374,2018000005,7,5,TIMESTAMP=1513846368996	USER=2018000005	TASK=7	ACTION=SESSION_ANNOTATION	INFO:	score=5
348,375,2017310599,10,4,TIMESTAMP=1513846481710	USER=2017310599	TASK=10	ACTION=SESSION_ANNOTATION	INFO:	score=4
349,376,2018000005,11,5,TIMESTAMP=1513846676321	USER=2018000005	TASK=11	ACTION=SESSION_ANNOTATION	INFO:	score=5
350,377,2018000004,10,5,TIMESTAMP=1513846683882	USER=2018000004	TASK=10	ACTION=SESSION_ANNOTATION	INFO:	score=5
351,378,2017010399,2,4,TIMESTAMP=1513846800550	USER=2017010399	TASK=2	ACTION=SESSION_ANNOTATION	INFO:	score=4
352,379,2018000004,11,4,TIMESTAMP=1513847195325	USER=2018000004	TASK=11	ACTION=SESSION_ANNOTATION	INFO:	score=4
353,380,2017310599,8,4,TIMESTAMP=1513847303154	USER=2017310599	TASK=8	ACTION=SESSION_ANNOTATION	INFO:	score=4
354,381,2018000005,12,4,TIMESTAMP=1513847524949	USER=2018000005	TASK=12	ACTION=SESSION_ANNOTATION	INFO:	score=4
355,382,2017310599,1,3,TIMESTAMP=1513847706365	USER=2017310599	TASK=1	ACTION=SESSION_ANNOTATION	INFO:	score=3
356,383,2018000004,8,4,TIMESTAMP=1513847882687	USER=2018000004	TASK=8	ACTION=SESSION_ANNOTATION	INFO:	score=4
357,384,2017310599,4,5,TIMESTAMP=1513848290882	USER=2017310599	TASK=4	ACTION=SESSION_ANNOTATION	INFO:	score=5
358,385,2018000005,10,5,TIMESTAMP=1513848297286	USER=2018000005	TASK=10	ACTION=SESSION_ANNOTATION	INFO:	score=5
359,386,2018000004,1,5,TIMESTAMP=1513848575336	USER=2018000004	TASK=1	ACTION=SESSION_ANNOTATION	INFO:	score=5
360,387,2017310599,11,3,TIMESTAMP=1513848670056	USER=2017310599	TASK=11	ACTION=SESSION_ANNOTATION	INFO:	score=3
361,388,2018000005,4,3,TIMESTAMP=1513849555499	USER=2018000005	TASK=4	ACTION=SESSION_ANNOTATION	INFO:	score=3
362,389,2018000005,8,3,TIMESTAMP=1513849884468	USER=2018000005	TASK=8	ACTION=SESSION_ANNOTATION	INFO:	score=3
363,390,2018000004,4,5,TIMESTAMP=1513849940210	USER=2018000004	TASK=4	ACTION=SESSION_ANNOTATION	INFO:	score=5
365,392,2013311064,8,3,TIMESTAMP=1513855545528	USER=2013311064	TASK=8	ACTION=SESSION_ANNOTATION	INFO:	score=3
366,394,2013311064,1,3,TIMESTAMP=1513855852196	USER=2013311064	TASK=1	ACTION=SESSION_ANNOTATION	INFO:	score=3
367,395,2013311064,4,5,TIMESTAMP=1513856081921	USER=2013311064	TASK=4	ACTION=SESSION_ANNOTATION	INFO:	score=5
368,396,2013311064,11,5,TIMESTAMP=1513856264191	USER=2013311064	TASK=11	ACTION=SESSION_ANNOTATION	INFO:	score=5
369,397,2013311064,3,5,TIMESTAMP=1513856606452	USER=2013311064	TASK=3	ACTION=SESSION_ANNOTATION	INFO:	score=5
370,398,2018000006,7,5,TIMESTAMP=1513856609226	USER=2018000006	TASK=7	ACTION=SESSION_ANNOTATION	INFO:	score=5
371,399,2013311064,2,4,TIMESTAMP=1513856715484	USER=2013311064	TASK=2	ACTION=SESSION_ANNOTATION	INFO:	score=4
372,401,2016011495,4,4,TIMESTAMP=1513857101886	USER=2016011495	TASK=4	ACTION=SESSION_ANNOTATION	INFO:	score=4
373,402,2013311064,12,3,TIMESTAMP=1513857208584	USER=2013311064	TASK=12	ACTION=SESSION_ANNOTATION	INFO:	score=3
374,403,2013311064,7,4,TIMESTAMP=1513857795251	USER=2013311064	TASK=7	ACTION=SESSION_ANNOTATION	INFO:	score=4
375,404,2018000006,2,4,TIMESTAMP=1513857821351	USER=2018000006	TASK=2	ACTION=SESSION_ANNOTATION	INFO:	score=4
376,405,2016011495,12,5,TIMESTAMP=1513858088608	USER=2016011495	TASK=12	ACTION=SESSION_ANNOTATION	INFO:	score=5
377,406,2018000006,1,5,TIMESTAMP=1513858169026	USER=2018000006	TASK=1	ACTION=SESSION_ANNOTATION	INFO:	score=5
378,407,2013311064,10,4,TIMESTAMP=1513858282036	USER=2013311064	TASK=10	ACTION=SESSION_ANNOTATION	INFO:	score=4
379,408,2018000006,10,4,TIMESTAMP=1513858471504	USER=2018000006	TASK=10	ACTION=SESSION_ANNOTATION	INFO:	score=4
380,409,2018000006,3,5,TIMESTAMP=1513858665932	USER=2018000006	TASK=3	ACTION=SESSION_ANNOTATION	INFO:	score=5
381,410,2018000006,8,5,TIMESTAMP=1513858817316	USER=2018000006	TASK=8	ACTION=SESSION_ANNOTATION	INFO:	score=5
382,411,2018000006,12,5,TIMESTAMP=1513858982417	USER=2018000006	TASK=12	ACTION=SESSION_ANNOTATION	INFO:	score=5
383,412,2016011495,2,3,TIMESTAMP=1513859082373	USER=2016011495	TASK=2	ACTION=SESSION_ANNOTATION	INFO:	score=3
384,413,2018000006,11,5,TIMESTAMP=1513859230343	USER=2018000006	TASK=11	ACTION=SESSION_ANNOTATION	INFO:	score=5
385,414,2018000006,4,5,TIMESTAMP=1513859645470	USER=2018000006	TASK=4	ACTION=SESSION_ANNOTATION	INFO:	score=5
386,415,2016011495,8,4,TIMESTAMP=1513859778814	USER=2016011495	TASK=8	ACTION=SESSION_ANNOTATION	INFO:	score=4
387,416,2016011495,11,5,TIMESTAMP=1513860106120	USER=2016011495	TASK=11	ACTION=SESSION_ANNOTATION	INFO:	score=5
388,417,2016011495,7,5,TIMESTAMP=1513860591950	USER=2016011495	TASK=7	ACTION=SESSION_ANNOTATION	INFO:	score=5
389,418,2016011495,10,5,TIMESTAMP=1513861190498	USER=2016011495	TASK=10	ACTION=SESSION_ANNOTATION	INFO:	score=5
390,419,2016011495,1,4,TIMESTAMP=1513861499281	USER=2016011495	TASK=1	ACTION=SESSION_ANNOTATION	INFO:	score=4
391,420,2016011495,3,2,TIMESTAMP=1513862160221	USER=2016011495	TASK=3	ACTION=SESSION_ANNOTATION	INFO:	score=2
393,422,2018000008,3,4,TIMESTAMP=1513927347843	USER=2018000008	TASK=3	ACTION=SESSION_ANNOTATION	INFO:	score=4
394,423,2018000007,7,5,TIMESTAMP=1513926267062	USER=2018000007	TASK=7	ACTION=SESSION_ANNOTATION	INFO:	score=5
395,424,2018000008,8,5,TIMESTAMP=1513927615266	USER=2018000008	TASK=8	ACTION=SESSION_ANNOTATION	INFO:	score=5
396,425,2018000008,11,5,TIMESTAMP=1513927896369	USER=2018000008	TASK=11	ACTION=SESSION_ANNOTATION	INFO:	score=5
398,427,2018000008,7,5,TIMESTAMP=1513928379342	USER=2018000008	TASK=7	ACTION=SESSION_ANNOTATION	INFO:	score=5
399,428,2015030002,3,2,TIMESTAMP=1513928588492	USER=2015030002	TASK=3	ACTION=SESSION_ANNOTATION	INFO:	score=2
400,429,2018000008,2,4,TIMESTAMP=1513928826451	USER=2018000008	TASK=2	ACTION=SESSION_ANNOTATION	INFO:	score=4
401,430,2018000007,2,4,TIMESTAMP=1513927813169	USER=2018000007	TASK=2	ACTION=SESSION_ANNOTATION	INFO:	score=4
402,431,2015030002,8,2,TIMESTAMP=1513929208388	USER=2015030002	TASK=8	ACTION=SESSION_ANNOTATION	INFO:	score=2
403,432,2018000008,12,5,TIMESTAMP=1513929407552	USER=2018000008	TASK=12	ACTION=SESSION_ANNOTATION	INFO:	score=5
404,433,2018000007,1,5,TIMESTAMP=1513928331327	USER=2018000007	TASK=1	ACTION=SESSION_ANNOTATION	INFO:	score=5
405,434,2015030002,4,5,TIMESTAMP=1513930068804	USER=2015030002	TASK=4	ACTION=SESSION_ANNOTATION	INFO:	score=5
406,435,2018000008,1,5,TIMESTAMP=1513930069877	USER=2018000008	TASK=1	ACTION=SESSION_ANNOTATION	INFO:	score=5
407,436,2015030002,11,5,TIMESTAMP=1513930349173	USER=2015030002	TASK=11	ACTION=SESSION_ANNOTATION	INFO:	score=5
408,437,2018000007,12,5,TIMESTAMP=1513929275689	USER=2018000007	TASK=12	ACTION=SESSION_ANNOTATION	INFO:	score=5
409,438,2018000008,4,4,TIMESTAMP=1513930708661	USER=2018000008	TASK=4	ACTION=SESSION_ANNOTATION	INFO:	score=4
410,439,2018000007,8,5,TIMESTAMP=1513929520788	USER=2018000007	TASK=8	ACTION=SESSION_ANNOTATION	INFO:	score=5
411,440,2015030002,10,3,TIMESTAMP=1513931219082	USER=2015030002	TASK=10	ACTION=SESSION_ANNOTATION	INFO:	score=3
412,441,2018000007,10,5,TIMESTAMP=1513930310501	USER=2018000007	TASK=10	ACTION=SESSION_ANNOTATION	INFO:	score=5
413,442,2018000008,10,3,TIMESTAMP=1513931551861	USER=2018000008	TASK=10	ACTION=SESSION_ANNOTATION	INFO:	score=3
414,443,2015030002,7,4,TIMESTAMP=1513931760481	USER=2015030002	TASK=7	ACTION=SESSION_ANNOTATION	INFO:	score=4
415,444,2018000007,11,5,TIMESTAMP=1513930927950	USER=2018000007	TASK=11	ACTION=SESSION_ANNOTATION	INFO:	score=5
416,445,2015030002,1,5,TIMESTAMP=1513932211528	USER=2015030002	TASK=1	ACTION=SESSION_ANNOTATION	INFO:	score=5
417,446,2018000007,3,5,TIMESTAMP=1513931217407	USER=2018000007	TASK=3	ACTION=SESSION_ANNOTATION	INFO:	score=5
418,447,2015030002,12,5,TIMESTAMP=1513932803883	USER=2015030002	TASK=12	ACTION=SESSION_ANNOTATION	INFO:	score=5
419,448,2018000007,4,5,TIMESTAMP=1513931645090	USER=2018000007	TASK=4	ACTION=SESSION_ANNOTATION	INFO:	score=5
420,449,2015030002,2,3,TIMESTAMP=1513933618579	USER=2015030002	TASK=2	ACTION=SESSION_ANNOTATION	INFO:	score=3
423,452,2017010434,11,2,TIMESTAMP=1513995503676	USER=2017010434	TASK=11	ACTION=SESSION_ANNOTATION	INFO:	score=2
425,454,2017010434,10,3,TIMESTAMP=1513996165062	USER=2017010434	TASK=10	ACTION=SESSION_ANNOTATION	INFO:	score=3
426,455,2018000009,10,4,TIMESTAMP=1513996828110	USER=2018000009	TASK=10	ACTION=SESSION_ANNOTATION	INFO:	score=4
427,456,2017010434,3,1,TIMESTAMP=1513997024792	USER=2017010434	TASK=3	ACTION=SESSION_ANNOTATION	INFO:	score=1
428,457,2017010434,8,5,TIMESTAMP=1513997343656	USER=2017010434	TASK=8	ACTION=SESSION_ANNOTATION	INFO:	score=5
429,458,2017010434,2,4,TIMESTAMP=1513997701640	USER=2017010434	TASK=2	ACTION=SESSION_ANNOTATION	INFO:	score=4
430,459,2018000009,12,5,TIMESTAMP=1513998005159	USER=2018000009	TASK=12	ACTION=SESSION_ANNOTATION	INFO:	score=5
431,460,2017010434,12,4,TIMESTAMP=1513998416967	USER=2017010434	TASK=12	ACTION=SESSION_ANNOTATION	INFO:	score=4
432,461,2018000009,1,5,TIMESTAMP=1513998415930	USER=2018000009	TASK=1	ACTION=SESSION_ANNOTATION	INFO:	score=5
433,462,2017010434,1,5,TIMESTAMP=1513998915744	USER=2017010434	TASK=1	ACTION=SESSION_ANNOTATION	INFO:	score=5
434,463,2018000009,11,3,TIMESTAMP=1513999075475	USER=2018000009	TASK=11	ACTION=SESSION_ANNOTATION	INFO:	score=3
435,464,2018000009,7,5,TIMESTAMP=1513999533654	USER=2018000009	TASK=7	ACTION=SESSION_ANNOTATION	INFO:	score=5
436,465,2017010434,4,4,TIMESTAMP=1513999535328	USER=2017010434	TASK=4	ACTION=SESSION_ANNOTATION	INFO:	score=4
437,466,2017010434,7,5,TIMESTAMP=1513999830048	USER=2017010434	TASK=7	ACTION=SESSION_ANNOTATION	INFO:	score=5
438,467,2018000009,8,4,TIMESTAMP=1514000269308	USER=2018000009	TASK=8	ACTION=SESSION_ANNOTATION	INFO:	score=4
439,468,2018000009,3,4,TIMESTAMP=1514000943149	USER=2018000009	TASK=3	ACTION=SESSION_ANNOTATION	INFO:	score=4
440,469,2018000009,4,4,TIMESTAMP=1514001665220	USER=2018000009	TASK=4	ACTION=SESSION_ANNOTATION	INFO:	score=4
441,470,2018000009,2,5,TIMESTAMP=1514002871478	USER=2018000009	TASK=2	ACTION=SESSION_ANNOTATION	INFO:	score=5
443,472,2016011417,2,5,TIMESTAMP=1514012091551	USER=2016011417	TASK=2	ACTION=SESSION_ANNOTATION	INFO:	score=5
444,473,2016011417,4,5,TIMESTAMP=1514012609731	USER=2016011417	TASK=4	ACTION=SESSION_ANNOTATION	INFO:	score=5
445,474,2016011417,7,5,TIMESTAMP=1514012889355	USER=2016011417	TASK=7	ACTION=SESSION_ANNOTATION	INFO:	score=5
446,475,2016011417,3,4,TIMESTAMP=1514013193051	USER=2016011417	TASK=3	ACTION=SESSION_ANNOTATION	INFO:	score=4
447,476,2016011417,11,5,TIMESTAMP=1514013492455	USER=2016011417	TASK=11	ACTION=SESSION_ANNOTATION	INFO:	score=5
448,477,2016011417,10,5,TIMESTAMP=1514013759152	USER=2016011417	TASK=10	ACTION=SESSION_ANNOTATION	INFO:	score=5
449,478,2016011417,1,5,TIMESTAMP=1514013919066	USER=2016011417	TASK=1	ACTION=SESSION_ANNOTATION	INFO:	score=5
450,479,2016011417,8,5,TIMESTAMP=1514014155358	USER=2016011417	TASK=8	ACTION=SESSION_ANNOTATION	INFO:	score=5
451,480,2016011417,12,4,TIMESTAMP=1514014626750	USER=2016011417	TASK=12	ACTION=SESSION_ANNOTATION	INFO:	score=4
453,482,2013012187,3,4,TIMESTAMP=1514016122932	USER=2013012187	TASK=3	ACTION=SESSION_ANNOTATION	INFO:	score=4
454,483,2013012187,8,5,TIMESTAMP=1514016838593	USER=2013012187	TASK=8	ACTION=SESSION_ANNOTATION	INFO:	score=5
455,484,2013012187,7,5,TIMESTAMP=1514017279777	USER=2013012187	TASK=7	ACTION=SESSION_ANNOTATION	INFO:	score=5
456,485,2013012187,2,4,TIMESTAMP=1514018043768	USER=2013012187	TASK=2	ACTION=SESSION_ANNOTATION	INFO:	score=4
457,486,2013012187,10,5,TIMESTAMP=1514018639995	USER=2013012187	TASK=10	ACTION=SESSION_ANNOTATION	INFO:	score=5
458,487,2013012187,11,4,TIMESTAMP=1514018927788	USER=2013012187	TASK=11	ACTION=SESSION_ANNOTATION	INFO:	score=4
459,488,2013012187,12,4,TIMESTAMP=1514019531887	USER=2013012187	TASK=12	ACTION=SESSION_ANNOTATION	INFO:	score=4
460,489,2013012187,4,4,TIMESTAMP=1514019877689	USER=2013012187	TASK=4	ACTION=SESSION_ANNOTATION	INFO:	score=4
461,490,2013012187,1,5,TIMESTAMP=1514020438865	USER=2013012187	TASK=1	ACTION=SESSION_ANNOTATION	INFO:	score=5
463,492,2014010632,4,5,TIMESTAMP=1514183746105	USER=2014010632	TASK=4	ACTION=SESSION_ANNOTATION	INFO:	score=5
464,493,2014010632,11,5,TIMESTAMP=1514184313880	USER=2014010632	TASK=11	ACTION=SESSION_ANNOTATION	INFO:	score=5
465,494,2014010632,12,4,TIMESTAMP=1514185475267	USER=2014010632	TASK=12	ACTION=SESSION_ANNOTATION	INFO:	score=4
466,496,2014010632,8,5,TIMESTAMP=1514186487648	USER=2014010632	TASK=8	ACTION=SESSION_ANNOTATION	INFO:	score=5
467,497,2014010632,7,3,TIMESTAMP=1514187055562	USER=2014010632	TASK=7	ACTION=SESSION_ANNOTATION	INFO:	score=3
468,498,2014010632,1,5,TIMESTAMP=1514187586270	USER=2014010632	TASK=1	ACTION=SESSION_ANNOTATION	INFO:	score=5
469,499,2014010632,2,1,TIMESTAMP=1514187881801	USER=2014010632	TASK=2	ACTION=SESSION_ANNOTATION	INFO:	score=1
470,500,2014010632,10,3,TIMESTAMP=1514188611502	USER=2014010632	TASK=10	ACTION=SESSION_ANNOTATION	INFO:	score=3
471,501,2014010632,3,3,TIMESTAMP=1514189320811	USER=2014010632	TASK=3	ACTION=SESSION_ANNOTATION	INFO:	score=3
473,503,2015211220,10,3,TIMESTAMP=1515210350771	USER=2015211220	TASK=10	ACTION=SESSION_ANNOTATION	INFO:	score=3
474,504,2015211220,3,3,TIMESTAMP=1515211827192	USER=2015211220	TASK=3	ACTION=SESSION_ANNOTATION	INFO:	score=3
475,505,2015211220,2,4,TIMESTAMP=1515213447091	USER=2015211220	TASK=2	ACTION=SESSION_ANNOTATION	INFO:	score=4
476,506,2015211220,7,5,TIMESTAMP=1515214657752	USER=2015211220	TASK=7	ACTION=SESSION_ANNOTATION	INFO:	score=5
477,507,2015211220,4,5,TIMESTAMP=1515215129707	USER=2015211220	TASK=4	ACTION=SESSION_ANNOTATION	INFO:	score=5
478,508,2015211220,11,5,TIMESTAMP=1515215701002	USER=2015211220	TASK=11	ACTION=SESSION_ANNOTATION	INFO:	score=5
479,509,2015211220,8,3,TIMESTAMP=1515216336906	USER=2015211220	TASK=8	ACTION=SESSION_ANNOTATION	INFO:	score=3
480,511,2015211220,12,4,TIMESTAMP=1515217174390	USER=2015211220	TASK=12	ACTION=SESSION_ANNOTATION	INFO:	score=4
481,512,2015211220,1,4,TIMESTAMP=1515218472804	USER=2015211220	TASK=1	ACTION=SESSION_ANNOTATION	INFO:	score=4
482,513,2018000010,11,5,TIMESTAMP=1517560621734	USER=2018000010	TASK=11	ACTION=SESSION_ANNOTATION	INFO:	score=5
483,514,2018000010,4,5,TIMESTAMP=1517561051906	USER=2018000010	TASK=4	ACTION=SESSION_ANNOTATION	INFO:	score=5
484,515,2018000010,3,1,TIMESTAMP=1517561238808	USER=2018000010	TASK=3	ACTION=SESSION_ANNOTATION	INFO:	score=1
485,516,2018000010,2,4,TIMESTAMP=1517561491221	USER=2018000010	TASK=2	ACTION=SESSION_ANNOTATION	INFO:	score=4
486,517,2018000010,10,5,TIMESTAMP=1517561737629	USER=2018000010	TASK=10	ACTION=SESSION_ANNOTATION	INFO:	score=5
487,518,2018000010,8,5,TIMESTAMP=1517562222319	USER=2018000010	TASK=8	ACTION=SESSION_ANNOTATION	INFO:	score=5
488,519,2018000010,7,5,TIMESTAMP=1517562331413	USER=2018000010	TASK=7	ACTION=SESSION_ANNOTATION	INFO:	score=5
489,520,2018000010,1,5,TIMESTAMP=1517562481374	USER=2018000010	TASK=1	ACTION=SESSION_ANNOTATION	INFO:	score=5
490,521,2018000010,12,5,TIMESTAMP=1517562700150	USER=2018000010	TASK=12	ACTION=SESSION_ANNOTATION	INFO:	score=5
